date,day_of_week,product_category,price,discount_pct,is_holiday_season,units_sold
2025-11-01,Saturday,Electronics,1143.0,2.2,0,19
2025-11-01,Saturday,Toys,239.67,3.4,0,26
2025-11-01,Saturday,Electronics,1151.24,1.9,0,12
2025-11-01,Saturday,Toys,247.99,3.6,0,14
2025-11-01,Saturday,Home,618.57,0.1,0,20
2025-11-01,Saturday,Home,586.67,1.7,0,10
2025-11-01,Saturday,Home,576.13,3.0,0,15
2025-11-01,Saturday,Home,618.43,5.8,0,21
2025-11-01,Saturday,Toys,240.62,7.4,0,21
2025-11-01,Saturday,Toys,259.64,2.9,0,19
2025-11-01,Saturday,Fashion,357.16,0.4,0,18
2025-11-01,Saturday,Electronics,1242.64,6.9,0,22
2025-11-01,Saturday,Beauty,195.56,5.1,0,14
2025-11-01,Saturday,Fashion,355.96,5.6,0,21
2025-11-01,Saturday,Electronics,1213.1,1.4,0,17
2025-11-01,Saturday,Beauty,195.4,7.4,0,15
2025-11-01,Saturday,Toys,242.99,2.6,0,18
2025-11-01,Saturday,Electronics,1236.61,3.2,0,16
2025-11-01,Saturday,Electronics,1165.32,7.5,0,21
2025-11-01,Saturday,Beauty,197.91,7.3,0,14
2025-11-01,Saturday,Beauty,192.86,1.1,0,17
2025-11-01,Saturday,Toys,248.21,4.7,0,11
2025-11-01,Saturday,Home,583.16,8.0,0,15
2025-11-01,Saturday,Electronics,1243.33,1.2,0,17
2025-11-01,Saturday,Fashion,360.22,3.4,0,22
2025-11-02,Sunday,Toys,243.79,4.4,0,19
2025-11-02,Sunday,Electronics,1221.63,0.9,0,24
2025-11-02,Sunday,Home,576.69,3.5,0,12
2025-11-02,Sunday,Beauty,190.06,5.8,0,15
2025-11-02,Sunday,Fashion,350.27,0.9,0,4
2025-11-02,Sunday,Home,620.5,4.1,0,19
2025-11-02,Sunday,Fashion,351.38,6.2,0,22
2025-11-02,Sunday,Toys,260.46,4.8,0,15
2025-11-02,Sunday,Home,622.72,6.7,0,18
2025-11-02,Sunday,Home,584.37,1.9,0,16
2025-11-02,Sunday,Beauty,206.32,7.8,0,17
2025-11-02,Sunday,Toys,256.65,1.0,0,11
2025-11-02,Sunday,Home,601.66,4.9,0,18
2025-11-02,Sunday,Fashion,365.01,6.0,0,15
2025-11-02,Sunday,Beauty,209.9,5.2,0,10
2025-11-02,Sunday,Beauty,207.99,3.6,0,18
2025-11-02,Sunday,Electronics,1210.6,1.8,0,19
2025-11-02,Sunday,Fashion,332.75,5.7,0,19
2025-11-02,Sunday,Electronics,1243.16,0.6,0,18
2025-11-02,Sunday,Fashion,342.25,3.9,0,10
2025-11-02,Sunday,Toys,251.91,1.9,0,16
2025-11-02,Sunday,Beauty,206.15,1.5,0,22
2025-11-03,Monday,Beauty,199.34,5.8,0,21
2025-11-03,Monday,Electronics,1147.27,5.8,0,18
2025-11-03,Monday,Fashion,339.16,3.6,0,15
2025-11-03,Monday,Beauty,193.67,3.7,0,19
2025-11-03,Monday,Toys,239.95,5.2,0,16
2025-11-03,Monday,Toys,258.4,7.8,0,26
2025-11-03,Monday,Fashion,346.72,3.9,0,13
2025-11-03,Monday,Beauty,208.05,1.3,0,22
2025-11-03,Monday,Beauty,195.7,5.6,0,18
2025-11-03,Monday,Toys,254.05,3.9,0,19
2025-11-03,Monday,Electronics,1209.5,4.3,0,21
2025-11-03,Monday,Home,573.43,4.7,0,8
2025-11-03,Monday,Fashion,334.49,4.1,0,17
2025-11-03,Monday,Fashion,334.9,0.5,0,21
2025-11-03,Monday,Toys,243.66,4.8,0,14
2025-11-03,Monday,Toys,239.55,5.3,0,14
2025-11-03,Monday,Home,582.26,5.7,0,16
2025-11-03,Monday,Fashion,341.8,1.0,0,14
2025-11-03,Monday,Electronics,1141.12,5.0,0,13
2025-11-03,Monday,Toys,262.4,0.6,0,18
2025-11-03,Monday,Home,622.85,7.0,0,21
2025-11-04,Tuesday,Home,579.46,6.7,0,16
2025-11-04,Tuesday,Toys,237.7,6.5,0,11
2025-11-04,Tuesday,Home,625.91,0.8,0,20
2025-11-04,Tuesday,Electronics,1229.09,1.2,0,15
2025-11-04,Tuesday,Home,606.29,5.7,0,20
2025-11-04,Tuesday,Home,600.32,2.0,0,24
2025-11-04,Tuesday,Electronics,1151.08,3.4,0,17
2025-11-04,Tuesday,Fashion,354.8,2.1,0,18
2025-11-04,Tuesday,Beauty,201.03,3.4,0,19
2025-11-04,Tuesday,Fashion,351.6,6.7,0,18
2025-11-04,Tuesday,Toys,251.31,3.4,0,22
2025-11-04,Tuesday,Electronics,1247.87,1.7,0,19
2025-11-04,Tuesday,Fashion,355.84,2.8,0,8
2025-11-04,Tuesday,Toys,256.24,7.4,0,14
2025-11-04,Tuesday,Fashion,362.76,7.8,0,21
2025-11-04,Tuesday,Electronics,1161.52,7.4,0,8
2025-11-04,Tuesday,Beauty,206.04,6.9,0,19
2025-11-04,Tuesday,Electronics,1185.91,0.3,0,14
2025-11-04,Tuesday,Beauty,194.45,6.5,0,13
2025-11-04,Tuesday,Fashion,340.3,5.3,0,19
2025-11-05,Wednesday,Home,586.72,0.6,0,18
2025-11-05,Wednesday,Toys,247.49,7.8,0,13
2025-11-05,Wednesday,Toys,245.78,0.2,0,20
2025-11-05,Wednesday,Toys,261.56,2.1,0,15
2025-11-05,Wednesday,Electronics,1211.59,2.8,0,19
2025-11-05,Wednesday,Toys,240.39,7.2,0,12
2025-11-05,Wednesday,Fashion,341.42,5.7,0,29
2025-11-05,Wednesday,Toys,254.67,7.5,0,18
2025-11-05,Wednesday,Fashion,345.25,0.6,0,15
2025-11-05,Wednesday,Home,609.8,1.0,0,14
2025-11-05,Wednesday,Home,600.43,5.3,0,14
2025-11-05,Wednesday,Toys,240.68,3.4,0,24
2025-11-05,Wednesday,Beauty,203.55,7.2,0,14
2025-11-05,Wednesday,Toys,258.34,2.4,0,15
2025-11-05,Wednesday,Fashion,347.55,4.6,0,14
2025-11-05,Wednesday,Beauty,203.51,4.1,0,13
2025-11-05,Wednesday,Fashion,355.56,2.3,0,14
2025-11-05,Wednesday,Electronics,1238.21,6.0,0,12
2025-11-05,Wednesday,Home,583.48,1.6,0,21
2025-11-05,Wednesday,Beauty,202.23,6.1,0,18
2025-11-05,Wednesday,Beauty,198.29,5.0,0,20
2025-11-06,Thursday,Beauty,194.88,5.2,0,25
2025-11-06,Thursday,Electronics,1247.12,6.9,0,24
2025-11-06,Thursday,Fashion,338.66,7.7,0,12
2025-11-06,Thursday,Toys,249.11,4.5,0,20
2025-11-06,Thursday,Fashion,360.55,5.3,0,16
2025-11-06,Thursday,Toys,252.39,7.6,0,23
2025-11-06,Thursday,Toys,248.17,7.3,0,13
2025-11-06,Thursday,Beauty,207.94,5.9,0,14
2025-11-06,Thursday,Fashion,361.9,2.2,0,18
2025-11-06,Thursday,Toys,249.61,1.9,0,10
2025-11-06,Thursday,Fashion,342.01,2.6,0,20
2025-11-06,Thursday,Toys,239.51,1.2,0,15
2025-11-06,Thursday,Fashion,334.75,3.3,0,19
2025-11-06,Thursday,Toys,249.15,0.5,0,20
2025-11-06,Thursday,Toys,261.15,0.2,0,13
2025-11-06,Thursday,Toys,247.01,0.0,0,13
2025-11-06,Thursday,Beauty,200.76,5.9,0,24
2025-11-06,Thursday,Toys,259.95,3.9,0,17
2025-11-06,Thursday,Beauty,196.72,5.4,0,23
2025-11-06,Thursday,Beauty,204.48,6.7,0,30
2025-11-06,Thursday,Toys,238.17,3.2,0,11
2025-11-06,Thursday,Toys,254.07,0.7,0,8
2025-11-07,Friday,Electronics,1171.22,2.6,0,22
2025-11-07,Friday,Beauty,196.54,6.1,0,11
2025-11-07,Friday,Beauty,195.05,0.7,0,23
2025-11-07,Friday,Electronics,1229.88,0.4,0,21
2025-11-07,Friday,Electronics,1233.75,5.2,0,16
2025-11-07,Friday,Electronics,1253.95,1.6,0,20
2025-11-07,Friday,Fashion,349.07,0.9,0,18
2025-11-07,Friday,Fashion,348.78,2.0,0,13
2025-11-07,Friday,Electronics,1233.34,1.3,0,23
2025-11-07,Friday,Home,576.49,0.2,0,15
2025-11-07,Friday,Beauty,197.93,5.7,0,24
2025-11-07,Friday,Electronics,1211.05,6.6,0,18
2025-11-07,Friday,Home,621.02,4.8,0,25
2025-11-07,Friday,Electronics,1235.55,4.5,0,23
2025-11-07,Friday,Home,574.14,5.2,0,19
2025-11-07,Friday,Electronics,1241.95,6.6,0,28
2025-11-07,Friday,Beauty,204.15,3.5,0,25
2025-11-08,Saturday,Home,606.95,7.4,0,18
2025-11-08,Saturday,Toys,244.21,6.8,0,12
2025-11-08,Saturday,Electronics,1173.47,3.6,0,18
2025-11-08,Saturday,Beauty,196.73,4.0,0,11
2025-11-08,Saturday,Home,580.91,1.7,0,19
2025-11-08,Saturday,Toys,255.03,2.2,0,13
2025-11-08,Saturday,Electronics,1202.0,1.5,0,18
2025-11-08,Saturday,Toys,256.45,5.5,0,23
2025-11-08,Saturday,Beauty,198.96,0.1,0,16
2025-11-08,Saturday,Fashion,343.22,4.7,0,22
2025-11-08,Saturday,Beauty,201.07,2.8,0,24
2025-11-08,Saturday,Home,612.17,2.2,0,17
2025-11-08,Saturday,Home,583.83,5.8,0,14
2025-11-08,Saturday,Fashion,339.2,5.9,0,25
2025-11-08,Saturday,Home,613.48,7.8,0,13
2025-11-08,Saturday,Electronics,1239.92,2.4,0,17
2025-11-08,Saturday,Home,580.77,0.1,0,14
2025-11-08,Saturday,Electronics,1206.4,5.6,0,17
2025-11-08,Saturday,Fashion,354.83,6.0,0,18
2025-11-08,Saturday,Home,598.16,3.5,0,18
2025-11-08,Saturday,Fashion,366.29,2.0,0,19
2025-11-08,Saturday,Electronics,1188.08,0.6,0,16
2025-11-08,Saturday,Electronics,1158.21,6.5,0,20
2025-11-09,Sunday,Electronics,1206.97,3.3,0,17
2025-11-09,Sunday,Toys,257.27,1.8,0,12
2025-11-09,Sunday,Beauty,195.95,4.7,0,17
2025-11-09,Sunday,Beauty,196.11,5.0,0,11
2025-11-09,Sunday,Fashion,354.39,2.1,0,12
2025-11-09,Sunday,Electronics,1158.85,1.4,0,18
2025-11-09,Sunday,Beauty,203.79,3.8,0,18
2025-11-09,Sunday,Electronics,1167.78,5.7,0,16
2025-11-09,Sunday,Fashion,364.84,6.3,0,12
2025-11-09,Sunday,Toys,254.03,7.5,0,12
2025-11-09,Sunday,Fashion,364.29,6.6,0,20
2025-11-09,Sunday,Electronics,1147.16,6.3,0,10
2025-11-09,Sunday,Home,596.35,3.7,0,12
2025-11-09,Sunday,Home,611.98,7.5,0,12
2025-11-09,Sunday,Electronics,1211.76,7.1,0,17
2025-11-09,Sunday,Home,606.22,0.2,0,18
2025-11-09,Sunday,Toys,252.18,0.2,0,25
2025-11-09,Sunday,Home,604.57,6.1,0,20
2025-11-10,Monday,Home,580.89,4.7,0,23
2025-11-10,Monday,Beauty,209.38,3.8,0,14
2025-11-10,Monday,Electronics,1242.93,2.6,0,20
2025-11-10,Monday,Beauty,195.76,7.6,0,20
2025-11-10,Monday,Beauty,191.76,2.0,0,12
2025-11-10,Monday,Electronics,1256.42,3.2,0,3
2025-11-10,Monday,Toys,249.05,0.4,0,16
2025-11-10,Monday,Toys,246.54,6.1,0,12
2025-11-10,Monday,Fashion,341.85,1.0,0,12
2025-11-10,Monday,Home,596.29,5.6,0,27
2025-11-10,Monday,Toys,257.48,5.7,0,27
2025-11-10,Monday,Home,603.05,4.4,0,30
2025-11-10,Monday,Electronics,1195.37,0.9,0,26
2025-11-10,Monday,Fashion,349.94,5.7,0,14
2025-11-10,Monday,Beauty,209.6,1.9,0,17
2025-11-10,Monday,Toys,241.12,1.5,0,11
2025-11-10,Monday,Fashion,362.74,2.2,0,13
2025-11-10,Monday,Beauty,196.8,6.3,0,17
2025-11-10,Monday,Home,620.25,4.6,0,18
2025-11-10,Monday,Beauty,207.31,3.6,0,13
2025-11-10,Monday,Toys,246.93,7.5,0,18
2025-11-10,Monday,Fashion,366.83,1.9,0,10
2025-11-11,Tuesday,Electronics,1178.18,3.8,0,24
2025-11-11,Tuesday,Beauty,197.72,5.3,0,24
2025-11-11,Tuesday,Beauty,209.3,1.0,0,5
2025-11-11,Tuesday,Toys,245.8,0.8,0,19
2025-11-11,Tuesday,Beauty,190.31,1.2,0,16
2025-11-11,Tuesday,Fashion,335.12,6.3,0,17
2025-11-11,Tuesday,Beauty,203.0,6.8,0,24
2025-11-11,Tuesday,Toys,247.0,2.5,0,16
2025-11-11,Tuesday,Toys,238.4,0.5,0,9
2025-11-11,Tuesday,Home,629.85,6.0,0,15
2025-11-11,Tuesday,Electronics,1193.24,5.6,0,18
2025-11-11,Tuesday,Electronics,1145.52,6.4,0,16
2025-11-11,Tuesday,Fashion,341.05,3.3,0,22
2025-11-11,Tuesday,Fashion,338.45,0.6,0,22
2025-11-11,Tuesday,Fashion,349.92,4.7,0,12
2025-11-11,Tuesday,Fashion,348.64,2.0,0,17
2025-11-11,Tuesday,Beauty,208.02,5.4,0,18
2025-11-11,Tuesday,Fashion,335.09,7.6,0,22
2025-11-11,Tuesday,Beauty,203.81,3.7,0,17
2025-11-11,Tuesday,Home,581.95,3.1,0,14
2025-11-11,Tuesday,Toys,246.47,2.4,0,18
2025-11-12,Wednesday,Electronics,1257.35,5.3,0,17
2025-11-12,Wednesday,Electronics,1249.27,6.0,0,24
2025-11-12,Wednesday,Home,616.54,1.8,0,19
2025-11-12,Wednesday,Fashion,354.23,5.4,0,14
2025-11-12,Wednesday,Fashion,354.49,7.2,0,15
2025-11-12,Wednesday,Beauty,190.67,2.9,0,14
2025-11-12,Wednesday,Fashion,335.65,2.4,0,17
2025-11-12,Wednesday,Fashion,360.03,7.0,0,14
2025-11-12,Wednesday,Home,601.85,7.3,0,19
2025-11-12,Wednesday,Beauty,209.35,2.4,0,14
2025-11-12,Wednesday,Home,618.25,3.7,0,25
2025-11-12,Wednesday,Fashion,362.6,5.8,0,21
2025-11-12,Wednesday,Beauty,209.35,6.4,0,12
2025-11-12,Wednesday,Electronics,1171.74,1.0,0,24
2025-11-12,Wednesday,Home,610.37,5.4,0,9
2025-11-12,Wednesday,Home,576.5,1.9,0,13
2025-11-12,Wednesday,Electronics,1214.35,7.5,0,14
2025-11-12,Wednesday,Electronics,1216.25,3.7,0,24
2025-11-12,Wednesday,Home,608.95,0.9,0,19
2025-11-13,Thursday,Electronics,1151.66,7.1,0,18
2025-11-13,Thursday,Fashion,346.1,3.0,0,25
2025-11-13,Thursday,Toys,247.98,5.9,0,15
2025-11-13,Thursday,Fashion,363.49,5.2,0,21
2025-11-13,Thursday,Home,571.96,3.0,0,12
2025-11-13,Thursday,Beauty,198.89,1.9,0,8
2025-11-13,Thursday,Home,602.67,7.8,0,28
2025-11-13,Thursday,Home,573.63,2.2,0,29
2025-11-13,Thursday,Beauty,191.83,1.7,0,15
2025-11-13,Thursday,Toys,261.78,0.4,0,10
2025-11-13,Thursday,Toys,242.63,6.6,0,30
2025-11-13,Thursday,Toys,242.68,1.7,0,21
2025-11-13,Thursday,Fashion,360.1,4.8,0,14
2025-11-13,Thursday,Home,621.5,1.2,0,20
2025-11-13,Thursday,Fashion,336.35,6.9,0,20
2025-11-13,Thursday,Fashion,333.02,6.3,0,18
2025-11-13,Thursday,Fashion,341.79,1.0,0,22
2025-11-13,Thursday,Beauty,200.52,6.0,0,9
2025-11-13,Thursday,Toys,252.34,3.6,0,19
2025-11-13,Thursday,Fashion,365.59,0.3,0,20
2025-11-13,Thursday,Toys,245.04,5.1,0,8
2025-11-13,Thursday,Electronics,1147.3,3.8,0,11
2025-11-14,Friday,Beauty,191.47,0.6,0,22
2025-11-14,Friday,Toys,241.21,1.0,0,13
2025-11-14,Friday,Home,592.85,4.8,0,13
2025-11-14,Friday,Home,597.22,4.8,0,24
2025-11-14,Friday,Toys,255.52,1.7,0,22
2025-11-14,Friday,Beauty,207.76,3.3,0,20
2025-11-14,Friday,Electronics,1177.51,2.5,0,13
2025-11-14,Friday,Home,592.46,1.2,0,19
2025-11-14,Friday,Electronics,1151.19,0.8,0,17
2025-11-14,Friday,Home,618.71,4.5,0,12
2025-11-14,Friday,Home,610.2,3.3,0,14
2025-11-14,Friday,Beauty,207.36,5.8,0,24
2025-11-14,Friday,Home,576.22,4.1,0,16
2025-11-14,Friday,Fashion,355.49,1.8,0,25
2025-11-14,Friday,Home,576.89,2.2,0,24
2025-11-14,Friday,Fashion,360.75,6.8,0,27
2025-11-14,Friday,Toys,254.37,4.5,0,16
2025-11-14,Friday,Toys,260.73,6.6,0,17
2025-11-14,Friday,Home,625.29,2.8,0,21
2025-11-14,Friday,Fashion,362.95,4.5,0,15
2025-11-14,Friday,Electronics,1151.01,4.2,0,19
2025-11-14,Friday,Beauty,198.4,2.7,0,12
2025-11-15,Saturday,Toys,239.62,0.4,0,23
2025-11-15,Saturday,Fashion,358.91,0.4,0,22
2025-11-15,Saturday,Beauty,199.71,3.5,0,20
2025-11-15,Saturday,Home,582.93,4.1,0,16
2025-11-15,Saturday,Toys,249.67,5.3,0,20
2025-11-15,Saturday,Electronics,1166.46,7.9,0,21
2025-11-15,Saturday,Fashion,359.36,6.1,0,19
2025-11-15,Saturday,Home,589.69,0.1,0,17
2025-11-15,Saturday,Beauty,200.65,1.8,0,14
2025-11-15,Saturday,Toys,258.33,6.4,0,26
2025-11-15,Saturday,Electronics,1192.35,3.7,0,22
2025-11-15,Saturday,Electronics,1243.45,4.6,0,10
2025-11-15,Saturday,Beauty,195.79,3.2,0,14
2025-11-15,Saturday,Home,580.31,7.6,0,10
2025-11-15,Saturday,Home,575.29,6.8,0,19
2025-11-15,Saturday,Fashion,347.75,3.2,0,26
2025-11-15,Saturday,Home,583.29,6.2,0,22
2025-11-15,Saturday,Electronics,1201.26,0.9,0,7
2025-11-15,Saturday,Home,591.07,7.7,0,17
2025-11-15,Saturday,Fashion,340.77,1.2,0,20
2025-11-15,Saturday,Electronics,1161.26,6.2,0,24
2025-11-15,Saturday,Beauty,199.28,4.5,0,11
2025-11-15,Saturday,Toys,253.57,7.9,0,14
2025-11-15,Saturday,Home,621.85,5.0,0,19
2025-11-16,Sunday,Home,617.78,4.7,0,19
2025-11-16,Sunday,Home,600.44,2.5,0,16
2025-11-16,Sunday,Home,574.6,6.9,0,18
2025-11-16,Sunday,Electronics,1213.8,4.1,0,11
2025-11-16,Sunday,Electronics,1193.97,6.5,0,19
2025-11-16,Sunday,Fashion,343.75,3.8,0,19
2025-11-16,Sunday,Electronics,1237.32,6.7,0,19
2025-11-16,Sunday,Electronics,1200.55,1.4,0,18
2025-11-16,Sunday,Beauty,200.48,4.9,0,23
2025-11-16,Sunday,Home,592.37,2.3,0,14
2025-11-16,Sunday,Toys,238.81,5.0,0,20
2025-11-16,Sunday,Home,573.95,0.8,0,16
2025-11-16,Sunday,Toys,259.33,2.7,0,14
2025-11-16,Sunday,Toys,254.09,7.3,0,15
2025-11-16,Sunday,Beauty,192.58,5.7,0,24
2025-11-16,Sunday,Electronics,1177.15,3.0,0,20
2025-11-16,Sunday,Toys,239.84,5.4,0,9
2025-11-16,Sunday,Toys,246.55,2.9,0,19
2025-11-16,Sunday,Beauty,193.84,8.0,0,21
2025-11-16,Sunday,Fashion,335.2,6.8,0,24
2025-11-16,Sunday,Toys,238.44,2.7,0,23
2025-11-16,Sunday,Toys,240.78,3.0,0,22
2025-11-17,Monday,Fashion,357.74,0.3,0,26
2025-11-17,Monday,Home,610.58,1.9,0,14
2025-11-17,Monday,Beauty,194.68,1.9,0,19
2025-11-17,Monday,Beauty,208.08,1.6,0,15
2025-11-17,Monday,Beauty,199.23,2.3,0,12
2025-11-17,Monday,Beauty,200.06,3.3,0,19
2025-11-17,Monday,Toys,240.96,2.0,0,20
2025-11-17,Monday,Beauty,207.48,4.4,0,25
2025-11-17,Monday,Electronics,1174.21,6.1,0,23
2025-11-17,Monday,Home,596.96,4.1,0,19
2025-11-17,Monday,Fashion,361.08,7.1,0,16
2025-11-17,Monday,Electronics,1189.79,3.2,0,14
2025-11-17,Monday,Electronics,1184.99,0.2,0,21
2025-11-17,Monday,Electronics,1240.7,5.2,0,18
2025-11-17,Monday,Home,625.04,3.8,0,15
2025-11-17,Monday,Fashion,359.06,3.8,0,9
2025-11-17,Monday,Electronics,1170.71,6.7,0,10
2025-11-17,Monday,Toys,261.01,4.9,0,10
2025-11-17,Monday,Fashion,343.04,0.4,0,22
2025-11-17,Monday,Beauty,202.78,5.0,0,26
2025-11-17,Monday,Beauty,201.93,0.1,0,21
2025-11-17,Monday,Toys,251.88,5.7,0,17
2025-11-17,Monday,Home,584.43,3.3,0,18
2025-11-17,Monday,Electronics,1202.82,2.9,0,24
2025-11-18,Tuesday,Toys,238.01,7.0,0,16
2025-11-18,Tuesday,Electronics,1216.28,7.8,0,17
2025-11-18,Tuesday,Electronics,1181.38,5.9,0,18
2025-11-18,Tuesday,Electronics,1232.58,5.9,0,17
2025-11-18,Tuesday,Toys,245.96,5.1,0,19
2025-11-18,Tuesday,Beauty,209.62,3.8,0,19
2025-11-18,Tuesday,Beauty,190.74,1.6,0,20
2025-11-18,Tuesday,Fashion,363.5,2.5,0,16
2025-11-18,Tuesday,Toys,249.33,0.3,0,22
2025-11-18,Tuesday,Fashion,342.51,6.9,0,24
2025-11-18,Tuesday,Home,577.47,2.9,0,20
2025-11-18,Tuesday,Beauty,204.87,7.2,0,7
2025-11-18,Tuesday,Beauty,203.84,2.9,0,26
2025-11-18,Tuesday,Toys,244.17,0.7,0,13
2025-11-18,Tuesday,Fashion,351.59,2.6,0,20
2025-11-18,Tuesday,Electronics,1179.35,2.4,0,10
2025-11-18,Tuesday,Fashion,356.64,2.8,0,20
2025-11-18,Tuesday,Electronics,1227.22,7.3,0,13
2025-11-18,Tuesday,Electronics,1149.0,5.1,0,14
2025-11-18,Tuesday,Home,600.79,6.0,0,18
2025-11-18,Tuesday,Toys,254.45,3.5,0,19
2025-11-18,Tuesday,Fashion,334.85,6.2,0,14
2025-11-18,Tuesday,Toys,238.31,1.2,0,21
2025-11-19,Wednesday,Home,592.32,6.1,0,12
2025-11-19,Wednesday,Beauty,196.29,2.2,0,15
2025-11-19,Wednesday,Electronics,1143.11,1.5,0,7
2025-11-19,Wednesday,Electronics,1171.41,2.1,0,16
2025-11-19,Wednesday,Beauty,194.29,4.9,0,11
2025-11-19,Wednesday,Fashion,336.79,6.8,0,0
2025-11-19,Wednesday,Beauty,193.45,5.7,0,27
2025-11-19,Wednesday,Home,610.07,5.7,0,17
2025-11-19,Wednesday,Toys,251.05,7.1,0,22
2025-11-19,Wednesday,Fashion,360.28,4.1,0,11
2025-11-19,Wednesday,Electronics,1258.22,6.3,0,18
2025-11-19,Wednesday,Home,603.24,3.0,0,23
2025-11-19,Wednesday,Toys,240.74,7.1,0,22
2025-11-19,Wednesday,Beauty,200.51,6.2,0,20
2025-11-19,Wednesday,Toys,239.34,7.8,0,14
2025-11-19,Wednesday,Toys,246.11,7.0,0,13
2025-11-19,Wednesday,Toys,253.49,1.5,0,23
2025-11-19,Wednesday,Electronics,1239.77,4.1,0,16
2025-11-19,Wednesday,Home,579.88,2.6,0,16
2025-11-19,Wednesday,Toys,259.87,6.8,0,13
2025-11-19,Wednesday,Home,581.78,7.7,0,16
2025-11-19,Wednesday,Toys,250.84,4.0,0,24
2025-11-20,Thursday,Toys,261.04,1.2,0,13
2025-11-20,Thursday,Toys,245.94,7.4,0,11
2025-11-20,Thursday,Electronics,1239.03,0.2,0,24
2025-11-20,Thursday,Toys,244.12,1.7,0,20
2025-11-20,Thursday,Toys,247.91,5.1,0,10
2025-11-20,Thursday,Home,608.51,2.4,0,18
2025-11-20,Thursday,Fashion,360.66,5.5,0,17
2025-11-20,Thursday,Electronics,1158.97,3.3,0,19
2025-11-20,Thursday,Beauty,194.08,4.9,0,14
2025-11-20,Thursday,Home,628.52,1.0,0,25
2025-11-20,Thursday,Home,600.9,0.8,0,18
2025-11-20,Thursday,Beauty,194.96,0.8,0,20
2025-11-20,Thursday,Home,626.72,6.9,0,6
2025-11-20,Thursday,Fashion,360.97,7.5,0,24
2025-11-20,Thursday,Home,581.39,1.3,0,23
2025-11-20,Thursday,Home,599.84,0.7,0,17
2025-11-20,Thursday,Beauty,200.11,7.7,0,19
2025-11-21,Friday,Home,599.69,7.1,0,22
2025-11-21,Friday,Beauty,195.71,0.1,0,20
2025-11-21,Friday,Home,613.65,6.1,0,19
2025-11-21,Friday,Home,572.71,0.4,0,13
2025-11-21,Friday,Home,574.41,4.0,0,16
2025-11-21,Friday,Toys,244.49,7.9,0,16
2025-11-21,Friday,Electronics,1187.27,6.4,0,15
2025-11-21,Friday,Home,603.47,2.9,0,22
2025-11-21,Friday,Beauty,200.0,0.4,0,23
2025-11-21,Friday,Fashion,357.48,6.4,0,15
2025-11-21,Friday,Toys,240.99,7.5,0,17
2025-11-21,Friday,Home,579.75,7.9,0,17
2025-11-21,Friday,Home,600.44,4.1,0,13
2025-11-21,Friday,Beauty,204.17,2.4,0,19
2025-11-21,Friday,Electronics,1257.59,4.7,0,13
2025-11-22,Saturday,Electronics,1211.63,2.1,0,10
2025-11-22,Saturday,Toys,251.94,5.8,0,6
2025-11-22,Saturday,Toys,249.51,4.2,0,16
2025-11-22,Saturday,Beauty,192.96,5.4,0,9
2025-11-22,Saturday,Electronics,1208.71,5.6,0,19
2025-11-22,Saturday,Beauty,193.03,5.5,0,23
2025-11-22,Saturday,Beauty,200.04,4.9,0,8
2025-11-22,Saturday,Electronics,1224.69,4.1,0,19
2025-11-22,Saturday,Toys,245.63,5.3,0,13
2025-11-22,Saturday,Fashion,348.59,4.3,0,17
2025-11-22,Saturday,Toys,246.36,6.2,0,16
2025-11-22,Saturday,Home,606.6,1.5,0,10
2025-11-22,Saturday,Fashion,342.27,2.4,0,31
2025-11-22,Saturday,Home,612.29,5.5,0,12
2025-11-22,Saturday,Beauty,196.34,2.8,0,26
2025-11-22,Saturday,Home,587.27,4.6,0,14
2025-11-22,Saturday,Toys,246.99,7.8,0,23
2025-11-22,Saturday,Fashion,342.67,2.3,0,6
2025-11-22,Saturday,Electronics,1181.56,3.5,0,17
2025-11-22,Saturday,Fashion,361.48,2.2,0,23
2025-11-22,Saturday,Toys,254.9,1.1,0,13
2025-11-22,Saturday,Fashion,334.28,7.2,0,13
2025-11-22,Saturday,Fashion,354.83,0.4,0,11
2025-11-22,Saturday,Electronics,1221.74,1.1,0,22
2025-11-22,Saturday,Toys,261.95,1.3,0,12
2025-11-23,Sunday,Beauty,203.01,6.0,0,9
2025-11-23,Sunday,Home,589.27,5.2,0,19
2025-11-23,Sunday,Toys,243.31,5.9,0,16
2025-11-23,Sunday,Electronics,1249.59,1.4,0,20
2025-11-23,Sunday,Electronics,1259.66,3.2,0,15
2025-11-23,Sunday,Beauty,193.73,6.0,0,20
2025-11-23,Sunday,Electronics,1141.11,4.5,0,15
2025-11-23,Sunday,Electronics,1251.41,2.7,0,11
2025-11-23,Sunday,Toys,249.85,7.5,0,20
2025-11-23,Sunday,Toys,249.2,1.5,0,20
2025-11-23,Sunday,Beauty,202.97,5.7,0,19
2025-11-23,Sunday,Electronics,1228.39,6.3,0,10
2025-11-23,Sunday,Fashion,353.88,5.1,0,14
2025-11-23,Sunday,Beauty,206.54,4.1,0,24
2025-11-23,Sunday,Fashion,366.86,3.8,0,21
2025-11-23,Sunday,Fashion,332.74,3.1,0,14
2025-11-23,Sunday,Home,588.12,5.8,0,19
2025-11-23,Sunday,Electronics,1171.39,2.9,0,18
2025-11-23,Sunday,Beauty,196.14,3.2,0,25
2025-11-23,Sunday,Toys,260.58,7.1,0,18
2025-11-23,Sunday,Home,592.05,1.8,0,10
2025-11-23,Sunday,Fashion,349.24,3.6,0,22
2025-11-24,Monday,Beauty,205.15,6.4,0,17
2025-11-24,Monday,Fashion,359.17,5.4,0,10
2025-11-24,Monday,Toys,248.67,5.6,0,13
2025-11-24,Monday,Electronics,1250.07,0.9,0,23
2025-11-24,Monday,Fashion,352.54,1.2,0,8
2025-11-24,Monday,Home,621.27,3.5,0,14
2025-11-24,Monday,Beauty,191.82,4.1,0,10
2025-11-24,Monday,Electronics,1194.41,4.1,0,16
2025-11-24,Monday,Beauty,203.46,2.5,0,18
2025-11-24,Monday,Electronics,1187.51,6.5,0,17
2025-11-24,Monday,Electronics,1190.84,5.6,0,11
2025-11-24,Monday,Toys,262.35,7.5,0,28
2025-11-24,Monday,Electronics,1174.45,1.4,0,22
2025-11-24,Monday,Fashion,359.3,7.8,0,14
2025-11-24,Monday,Beauty,198.97,7.3,0,13
2025-11-24,Monday,Beauty,197.51,5.5,0,14
2025-11-24,Monday,Home,577.12,7.9,0,12
2025-11-24,Monday,Beauty,200.58,5.8,0,18
2025-11-24,Monday,Electronics,1257.42,3.7,0,18
2025-11-24,Monday,Toys,248.1,3.0,0,18
2025-11-24,Monday,Fashion,342.15,7.5,0,23
2025-11-24,Monday,Electronics,1143.87,5.3,0,9
2025-11-24,Monday,Electronics,1168.88,0.5,0,10
2025-11-25,Tuesday,Electronics,1193.57,5.4,0,20
2025-11-25,Tuesday,Electronics,1188.27,1.9,0,15
2025-11-25,Tuesday,Fashion,358.9,6.2,0,28
2025-11-25,Tuesday,Fashion,361.05,5.9,0,30
2025-11-25,Tuesday,Home,604.65,6.2,0,19
2025-11-25,Tuesday,Fashion,367.0,4.2,0,14
2025-11-25,Tuesday,Beauty,196.01,0.5,0,27
2025-11-25,Tuesday,Fashion,354.41,3.4,0,14
2025-11-25,Tuesday,Beauty,190.94,2.8,0,14
2025-11-25,Tuesday,Toys,245.47,3.3,0,14
2025-11-25,Tuesday,Fashion,343.0,1.5,0,14
2025-11-25,Tuesday,Fashion,343.03,5.7,0,17
2025-11-25,Tuesday,Beauty,208.29,4.5,0,24
2025-11-25,Tuesday,Fashion,346.09,2.0,0,16
2025-11-25,Tuesday,Home,608.8,7.4,0,19
2025-11-25,Tuesday,Fashion,334.3,3.0,0,16
2025-11-25,Tuesday,Toys,252.57,7.0,0,21
2025-11-25,Tuesday,Toys,242.93,1.7,0,25
2025-11-25,Tuesday,Home,588.19,7.3,0,18
2025-11-25,Tuesday,Electronics,1229.63,6.0,0,21
2025-11-25,Tuesday,Fashion,356.85,5.6,0,15
2025-11-25,Tuesday,Home,616.53,3.0,0,20
2025-11-25,Tuesday,Toys,253.72,2.5,0,11
2025-11-25,Tuesday,Beauty,191.97,7.9,0,25
2025-11-26,Wednesday,Home,624.86,3.0,0,12
2025-11-26,Wednesday,Fashion,358.44,0.1,0,21
2025-11-26,Wednesday,Toys,260.87,4.6,0,15
2025-11-26,Wednesday,Home,583.8,4.6,0,19
2025-11-26,Wednesday,Fashion,349.98,5.2,0,16
2025-11-26,Wednesday,Beauty,209.33,5.1,0,14
2025-11-26,Wednesday,Beauty,199.22,5.9,0,16
2025-11-26,Wednesday,Toys,249.71,7.3,0,20
2025-11-26,Wednesday,Toys,262.26,7.7,0,8
2025-11-26,Wednesday,Electronics,1253.42,5.3,0,16
2025-11-26,Wednesday,Electronics,1189.49,6.7,0,18
2025-11-26,Wednesday,Electronics,1166.25,3.6,0,25
2025-11-26,Wednesday,Electronics,1214.14,5.3,0,13
2025-11-26,Wednesday,Beauty,190.31,4.3,0,14
2025-11-26,Wednesday,Beauty,190.24,4.2,0,15
2025-11-26,Wednesday,Electronics,1200.27,5.6,0,31
2025-11-26,Wednesday,Beauty,206.12,7.3,0,19
2025-11-26,Wednesday,Fashion,340.93,5.0,0,19
2025-11-26,Wednesday,Home,618.91,2.1,0,14
2025-11-26,Wednesday,Beauty,199.18,1.9,0,20
2025-11-26,Wednesday,Fashion,343.0,6.6,0,31
2025-11-26,Wednesday,Electronics,1151.22,3.0,0,25
2025-11-27,Thursday,Beauty,191.12,0.1,0,20
2025-11-27,Thursday,Beauty,202.9,2.7,0,23
2025-11-27,Thursday,Electronics,1247.37,7.4,0,19
2025-11-27,Thursday,Toys,249.39,0.4,0,28
2025-11-27,Thursday,Electronics,1222.13,2.2,0,10
2025-11-27,Thursday,Fashion,365.01,2.5,0,16
2025-11-27,Thursday,Fashion,353.05,6.0,0,16
2025-11-27,Thursday,Electronics,1175.91,4.5,0,13
2025-11-27,Thursday,Toys,258.37,3.1,0,21
2025-11-27,Thursday,Fashion,360.17,5.5,0,15
2025-11-27,Thursday,Electronics,1200.1,7.8,0,23
2025-11-27,Thursday,Electronics,1180.87,6.2,0,19
2025-11-27,Thursday,Toys,247.42,6.2,0,21
2025-11-27,Thursday,Beauty,199.81,2.8,0,18
2025-11-27,Thursday,Beauty,198.64,5.4,0,16
2025-11-27,Thursday,Toys,244.88,2.0,0,16
2025-11-27,Thursday,Electronics,1149.84,1.2,0,16
2025-11-27,Thursday,Beauty,196.33,0.9,0,11
2025-11-27,Thursday,Electronics,1253.16,3.6,0,18
2025-11-27,Thursday,Electronics,1162.49,3.6,0,15
2025-11-27,Thursday,Toys,250.31,0.8,0,23
2025-11-27,Thursday,Toys,252.45,2.6,0,21
2025-11-27,Thursday,Beauty,190.25,3.3,0,19
2025-11-28,Friday,Fashion,352.52,1.4,0,10
2025-11-28,Friday,Beauty,193.39,2.2,0,17
2025-11-28,Friday,Fashion,347.71,3.4,0,20
2025-11-28,Friday,Beauty,205.65,2.9,0,25
2025-11-28,Friday,Beauty,201.88,1.6,0,15
2025-11-28,Friday,Electronics,1156.26,0.1,0,10
2025-11-28,Friday,Beauty,206.08,2.6,0,23
2025-11-28,Friday,Home,595.84,6.6,0,14
2025-11-28,Friday,Home,589.24,7.6,0,12
2025-11-28,Friday,Fashion,349.27,1.4,0,14
2025-11-28,Friday,Beauty,209.36,6.3,0,20
2025-11-28,Friday,Home,592.56,6.5,0,16
2025-11-28,Friday,Toys,242.5,8.0,0,19
2025-11-28,Friday,Fashion,356.36,4.4,0,23
2025-11-28,Friday,Fashion,347.85,2.3,0,16
2025-11-28,Friday,Electronics,1238.28,6.4,0,13
2025-11-28,Friday,Home,584.52,5.3,0,21
2025-11-28,Friday,Beauty,205.78,0.6,0,23
2025-11-28,Friday,Beauty,200.69,7.4,0,17
2025-11-28,Friday,Beauty,200.87,6.3,0,11
2025-11-28,Friday,Toys,252.35,7.3,0,26
2025-11-28,Friday,Electronics,1232.27,5.3,0,13
2025-11-28,Friday,Electronics,1207.59,5.2,0,23
2025-11-29,Saturday,Beauty,209.34,2.7,0,18
2025-11-29,Saturday,Electronics,1171.05,4.1,0,15
2025-11-29,Saturday,Toys,251.45,5.5,0,18
2025-11-29,Saturday,Beauty,205.45,4.7,0,22
2025-11-29,Saturday,Toys,241.27,8.0,0,13
2025-11-29,Saturday,Electronics,1153.93,7.5,0,18
2025-11-29,Saturday,Fashion,344.69,2.7,0,19
2025-11-29,Saturday,Home,598.57,3.5,0,12
2025-11-29,Saturday,Beauty,196.38,2.4,0,18
2025-11-29,Saturday,Home,608.88,5.4,0,15
2025-11-29,Saturday,Fashion,365.05,5.9,0,11
2025-11-29,Saturday,Home,603.59,7.7,0,17
2025-11-29,Saturday,Fashion,360.42,5.0,0,20
2025-11-29,Saturday,Beauty,190.58,4.9,0,24
2025-11-29,Saturday,Fashion,348.24,3.4,0,21
2025-11-29,Saturday,Home,615.14,6.5,0,18
2025-11-29,Saturday,Electronics,1209.28,6.4,0,13
2025-11-29,Saturday,Fashion,348.51,2.1,0,16
2025-11-29,Saturday,Beauty,200.55,5.1,0,12
2025-11-29,Saturday,Toys,240.36,2.8,0,14
2025-11-29,Saturday,Beauty,202.35,6.5,0,16
2025-11-29,Saturday,Toys,252.25,5.4,0,13
2025-11-29,Saturday,Home,577.07,2.4,0,21
2025-11-29,Saturday,Toys,247.21,4.8,0,25
2025-11-29,Saturday,Toys,247.09,1.5,0,12
2025-11-30,Sunday,Fashion,351.92,3.9,0,12
2025-11-30,Sunday,Fashion,339.05,6.7,0,10
2025-11-30,Sunday,Electronics,1198.15,1.6,0,11
2025-11-30,Sunday,Beauty,209.28,4.0,0,10
2025-11-30,Sunday,Beauty,204.2,3.6,0,18
2025-11-30,Sunday,Fashion,335.39,0.2,0,18
2025-11-30,Sunday,Home,583.49,2.3,0,13
2025-11-30,Sunday,Beauty,201.31,6.2,0,12
2025-11-30,Sunday,Toys,240.36,6.2,0,18
2025-11-30,Sunday,Home,602.52,6.1,0,18
2025-11-30,Sunday,Fashion,367.14,0.8,0,12
2025-11-30,Sunday,Fashion,342.92,8.0,0,13
2025-11-30,Sunday,Electronics,1192.69,8.0,0,19
2025-11-30,Sunday,Fashion,339.85,5.9,0,14
2025-11-30,Sunday,Toys,253.32,1.3,0,8
2025-11-30,Sunday,Fashion,359.97,6.5,0,20
2025-11-30,Sunday,Toys,244.53,4.3,0,11
2025-11-30,Sunday,Home,628.74,2.3,0,6
2025-11-30,Sunday,Toys,262.14,5.4,0,12
2025-11-30,Sunday,Electronics,1156.27,6.0,0,16
2025-11-30,Sunday,Home,622.02,1.0,0,18
2025-11-30,Sunday,Fashion,341.24,5.7,0,22
2025-11-30,Sunday,Beauty,199.79,4.6,0,10
2025-11-30,Sunday,Home,607.67,3.0,0,25
2025-11-30,Sunday,Electronics,1188.34,6.0,0,22
2025-12-01,Monday,Beauty,209.01,2.6,0,26
2025-12-01,Monday,Electronics,1227.71,3.7,0,18
2025-12-01,Monday,Home,621.01,6.4,0,7
2025-12-01,Monday,Fashion,349.82,2.6,0,25
2025-12-01,Monday,Home,590.27,4.6,0,12
2025-12-01,Monday,Home,623.65,6.1,0,15
2025-12-01,Monday,Electronics,1151.95,6.3,0,15
2025-12-01,Monday,Fashion,347.95,0.0,0,18
2025-12-01,Monday,Beauty,194.05,5.5,0,22
2025-12-01,Monday,Fashion,363.1,7.0,0,23
2025-12-01,Monday,Electronics,1218.55,2.0,0,10
2025-12-01,Monday,Fashion,334.31,5.0,0,25
2025-12-01,Monday,Fashion,347.52,0.7,0,20
2025-12-01,Monday,Electronics,1155.92,1.8,0,19
2025-12-01,Monday,Beauty,190.19,5.6,0,24
2025-12-01,Monday,Beauty,203.88,3.8,0,4
2025-12-01,Monday,Fashion,345.91,5.8,0,21
2025-12-01,Monday,Home,578.23,6.2,0,20
2025-12-01,Monday,Fashion,354.96,5.4,0,23
2025-12-01,Monday,Toys,253.75,3.5,0,20
2025-12-02,Tuesday,Fashion,364.7,4.9,0,14
2025-12-02,Tuesday,Electronics,1156.8,1.0,0,19
2025-12-02,Tuesday,Beauty,197.03,3.4,0,18
2025-12-02,Tuesday,Electronics,1169.78,4.8,0,14
2025-12-02,Tuesday,Toys,244.62,7.5,0,27
2025-12-02,Tuesday,Home,582.33,4.9,0,19
2025-12-02,Tuesday,Fashion,358.67,2.4,0,28
2025-12-02,Tuesday,Fashion,349.82,0.9,0,21
2025-12-02,Tuesday,Beauty,202.76,0.6,0,18
2025-12-02,Tuesday,Home,626.04,1.1,0,17
2025-12-02,Tuesday,Toys,248.02,4.4,0,20
2025-12-02,Tuesday,Electronics,1142.0,0.5,0,22
2025-12-02,Tuesday,Home,582.94,7.4,0,22
2025-12-02,Tuesday,Home,607.71,4.0,0,16
2025-12-02,Tuesday,Beauty,198.47,3.2,0,14
2025-12-02,Tuesday,Fashion,342.21,2.5,0,13
2025-12-02,Tuesday,Toys,260.52,7.8,0,20
2025-12-02,Tuesday,Toys,253.36,6.7,0,21
2025-12-03,Wednesday,Electronics,1177.22,3.5,0,21
2025-12-03,Wednesday,Fashion,335.52,3.5,0,16
2025-12-03,Wednesday,Beauty,202.25,0.4,0,14
2025-12-03,Wednesday,Fashion,336.68,5.7,0,11
2025-12-03,Wednesday,Electronics,1159.66,7.6,0,9
2025-12-03,Wednesday,Home,580.02,1.0,0,16
2025-12-03,Wednesday,Home,613.98,0.9,0,21
2025-12-03,Wednesday,Beauty,195.44,0.5,0,15
2025-12-03,Wednesday,Toys,253.19,4.0,0,16
2025-12-03,Wednesday,Toys,241.67,1.3,0,17
2025-12-03,Wednesday,Electronics,1247.31,5.4,0,24
2025-12-03,Wednesday,Electronics,1145.28,6.9,0,23
2025-12-03,Wednesday,Fashion,334.11,2.9,0,20
2025-12-03,Wednesday,Electronics,1206.34,7.3,0,16
2025-12-03,Wednesday,Beauty,194.49,2.0,0,21
2025-12-03,Wednesday,Electronics,1208.58,1.0,0,15
2025-12-03,Wednesday,Electronics,1161.52,6.4,0,30
2025-12-03,Wednesday,Electronics,1245.24,6.9,0,16
2025-12-03,Wednesday,Home,589.64,4.4,0,21
2025-12-03,Wednesday,Toys,257.11,5.9,0,18
2025-12-03,Wednesday,Fashion,348.74,4.7,0,9
2025-12-03,Wednesday,Fashion,358.14,4.4,0,18
2025-12-03,Wednesday,Fashion,337.77,7.5,0,24
2025-12-03,Wednesday,Electronics,1254.12,0.0,0,18
2025-12-03,Wednesday,Beauty,206.98,5.8,0,22
2025-12-04,Thursday,Beauty,199.84,0.5,0,21
2025-12-04,Thursday,Fashion,357.41,0.7,0,27
2025-12-04,Thursday,Toys,247.83,7.2,0,12
2025-12-04,Thursday,Beauty,209.49,0.7,0,20
2025-12-04,Thursday,Beauty,191.5,4.5,0,19
2025-12-04,Thursday,Beauty,203.25,1.0,0,15
2025-12-04,Thursday,Beauty,204.01,5.9,0,27
2025-12-04,Thursday,Home,597.17,1.9,0,20
2025-12-04,Thursday,Toys,240.22,0.8,0,17
2025-12-04,Thursday,Beauty,199.32,3.3,0,5
2025-12-04,Thursday,Fashion,348.32,3.7,0,15
2025-12-04,Thursday,Electronics,1150.85,6.5,0,15
2025-12-04,Thursday,Toys,238.51,6.7,0,25
2025-12-04,Thursday,Home,578.9,5.7,0,22
2025-12-04,Thursday,Electronics,1221.26,2.1,0,17
2025-12-04,Thursday,Fashion,333.59,3.2,0,10
2025-12-04,Thursday,Fashion,335.82,0.8,0,20
2025-12-04,Thursday,Fashion,336.75,0.5,0,18
2025-12-05,Friday,Beauty,197.44,5.0,0,14
2025-12-05,Friday,Electronics,1209.88,2.1,0,18
2025-12-05,Friday,Electronics,1163.73,5.2,0,17
2025-12-05,Friday,Fashion,335.72,6.8,0,18
2025-12-05,Friday,Beauty,191.01,7.4,0,15
2025-12-05,Friday,Beauty,206.43,3.2,0,25
2025-12-05,Friday,Fashion,344.89,7.3,0,19
2025-12-05,Friday,Home,586.79,7.1,0,24
2025-12-05,Friday,Fashion,355.15,4.0,0,19
2025-12-05,Friday,Toys,249.48,0.7,0,14
2025-12-05,Friday,Toys,243.73,8.0,0,21
2025-12-05,Friday,Toys,257.37,7.9,0,18
2025-12-05,Friday,Toys,257.04,2.8,0,13
2025-12-05,Friday,Toys,250.06,3.1,0,19
2025-12-05,Friday,Fashion,333.53,6.5,0,21
2025-12-05,Friday,Home,573.52,7.9,0,9
2025-12-05,Friday,Fashion,366.59,0.8,0,16
2025-12-05,Friday,Fashion,341.83,6.5,0,19
2025-12-06,Saturday,Toys,258.66,6.4,0,17
2025-12-06,Saturday,Home,626.11,7.9,0,19
2025-12-06,Saturday,Home,618.37,5.6,0,21
2025-12-06,Saturday,Toys,238.21,5.6,0,24
2025-12-06,Saturday,Toys,261.21,6.7,0,15
2025-12-06,Saturday,Beauty,200.84,1.4,0,19
2025-12-06,Saturday,Toys,242.97,4.2,0,18
2025-12-06,Saturday,Electronics,1179.81,4.9,0,19
2025-12-06,Saturday,Fashion,364.66,6.8,0,13
2025-12-06,Saturday,Home,573.57,1.2,0,17
2025-12-06,Saturday,Electronics,1241.58,6.9,0,15
2025-12-06,Saturday,Electronics,1184.83,7.5,0,16
2025-12-06,Saturday,Home,589.36,7.8,0,19
2025-12-06,Saturday,Beauty,205.84,7.7,0,16
2025-12-06,Saturday,Toys,254.84,7.4,0,15
2025-12-06,Saturday,Home,583.39,4.7,0,19
2025-12-06,Saturday,Home,577.64,5.8,0,21
2025-12-06,Saturday,Toys,247.29,8.0,0,19
2025-12-07,Sunday,Home,625.26,7.7,0,17
2025-12-07,Sunday,Fashion,354.89,0.8,0,13
2025-12-07,Sunday,Electronics,1168.56,7.9,0,18
2025-12-07,Sunday,Fashion,354.77,7.7,0,21
2025-12-07,Sunday,Home,596.8,2.1,0,11
2025-12-07,Sunday,Fashion,356.76,2.8,0,19
2025-12-07,Sunday,Electronics,1186.31,5.9,0,10
2025-12-07,Sunday,Fashion,363.46,3.9,0,13
2025-12-07,Sunday,Electronics,1239.46,6.3,0,22
2025-12-07,Sunday,Toys,253.77,5.5,0,19
2025-12-07,Sunday,Electronics,1175.39,2.5,0,19
2025-12-07,Sunday,Electronics,1148.9,1.4,0,12
2025-12-07,Sunday,Toys,261.05,7.8,0,23
2025-12-07,Sunday,Home,605.64,4.9,0,16
2025-12-07,Sunday,Fashion,353.76,3.5,0,18
2025-12-07,Sunday,Electronics,1152.15,1.6,0,20
2025-12-07,Sunday,Toys,244.13,2.3,0,25
2025-12-07,Sunday,Fashion,335.86,3.1,0,12
2025-12-07,Sunday,Electronics,1183.3,3.4,0,16
2025-12-07,Sunday,Home,619.43,5.0,0,15
2025-12-07,Sunday,Fashion,338.48,2.3,0,18
2025-12-07,Sunday,Electronics,1196.83,0.9,0,19
2025-12-07,Sunday,Home,575.47,4.4,0,12
2025-12-07,Sunday,Fashion,345.49,3.1,0,18
2025-12-08,Monday,Beauty,195.27,6.7,0,19
2025-12-08,Monday,Toys,239.04,6.0,0,16
2025-12-08,Monday,Home,618.49,3.3,0,16
2025-12-08,Monday,Toys,243.19,0.5,0,13
2025-12-08,Monday,Toys,254.68,7.5,0,21
2025-12-08,Monday,Toys,259.54,3.8,0,27
2025-12-08,Monday,Electronics,1200.25,7.2,0,23
2025-12-08,Monday,Toys,254.44,5.0,0,24
2025-12-08,Monday,Fashion,365.72,1.3,0,23
2025-12-08,Monday,Fashion,360.8,1.0,0,4
2025-12-08,Monday,Beauty,194.04,6.6,0,24
2025-12-08,Monday,Fashion,361.69,2.1,0,27
2025-12-08,Monday,Electronics,1150.44,4.5,0,12
2025-12-08,Monday,Toys,245.65,2.2,0,8
2025-12-08,Monday,Toys,252.19,6.3,0,20
2025-12-08,Monday,Electronics,1189.73,1.2,0,10
2025-12-08,Monday,Electronics,1250.99,4.5,0,13
2025-12-08,Monday,Electronics,1234.29,6.9,0,25
2025-12-08,Monday,Home,592.98,3.9,0,10
2025-12-08,Monday,Toys,249.33,1.4,0,12
2025-12-08,Monday,Beauty,190.78,7.1,0,21
2025-12-08,Monday,Home,611.43,0.4,0,14
2025-12-09,Tuesday,Electronics,1180.54,6.3,0,18
2025-12-09,Tuesday,Home,586.82,3.9,0,17
2025-12-09,Tuesday,Fashion,337.2,7.8,0,15
2025-12-09,Tuesday,Beauty,205.48,2.6,0,17
2025-12-09,Tuesday,Electronics,1162.55,1.7,0,11
2025-12-09,Tuesday,Beauty,204.82,6.1,0,24
2025-12-09,Tuesday,Toys,257.29,0.5,0,11
2025-12-09,Tuesday,Toys,247.58,6.2,0,11
2025-12-09,Tuesday,Fashion,339.25,6.7,0,17
2025-12-09,Tuesday,Electronics,1169.94,3.7,0,24
2025-12-09,Tuesday,Home,592.1,3.7,0,14
2025-12-09,Tuesday,Beauty,202.71,1.0,0,22
2025-12-09,Tuesday,Toys,248.65,7.7,0,18
2025-12-09,Tuesday,Beauty,201.74,2.8,0,23
2025-12-09,Tuesday,Electronics,1174.21,3.1,0,27
2025-12-09,Tuesday,Fashion,362.38,6.2,0,18
2025-12-09,Tuesday,Fashion,356.22,2.2,0,21
2025-12-09,Tuesday,Beauty,200.27,6.9,0,25
2025-12-09,Tuesday,Beauty,208.23,5.2,0,16
2025-12-09,Tuesday,Toys,257.52,1.8,0,8
2025-12-10,Wednesday,Home,595.43,3.0,0,10
2025-12-10,Wednesday,Home,597.54,1.7,0,16
2025-12-10,Wednesday,Toys,247.43,0.8,0,23
2025-12-10,Wednesday,Toys,262.49,7.7,0,21
2025-12-10,Wednesday,Toys,252.73,2.4,0,12
2025-12-10,Wednesday,Electronics,1197.81,2.7,0,17
2025-12-10,Wednesday,Home,585.67,5.7,0,22
2025-12-10,Wednesday,Home,581.3,4.1,0,18
2025-12-10,Wednesday,Toys,247.6,2.6,0,19
2025-12-10,Wednesday,Fashion,357.74,5.2,0,21
2025-12-10,Wednesday,Beauty,198.09,5.9,0,17
2025-12-10,Wednesday,Toys,255.2,4.6,0,20
2025-12-10,Wednesday,Fashion,356.52,5.1,0,25
2025-12-10,Wednesday,Beauty,208.13,5.4,0,8
2025-12-10,Wednesday,Toys,242.03,0.8,0,17
2025-12-10,Wednesday,Fashion,358.43,5.8,0,7
2025-12-10,Wednesday,Home,609.27,1.8,0,13
2025-12-10,Wednesday,Fashion,358.55,2.5,0,19
2025-12-10,Wednesday,Home,605.13,3.7,0,13
2025-12-10,Wednesday,Electronics,1196.46,6.9,0,7
2025-12-10,Wednesday,Electronics,1196.67,1.6,0,11
2025-12-10,Wednesday,Electronics,1244.1,3.1,0,17
2025-12-10,Wednesday,Fashion,337.31,1.6,0,19
2025-12-10,Wednesday,Beauty,209.74,7.1,0,20
2025-12-10,Wednesday,Fashion,359.76,3.9,0,17
2025-12-11,Thursday,Fashion,343.47,0.5,0,14
2025-12-11,Thursday,Fashion,352.67,1.3,0,19
2025-12-11,Thursday,Electronics,1155.53,3.5,0,13
2025-12-11,Thursday,Beauty,197.67,0.3,0,20
2025-12-11,Thursday,Fashion,358.07,7.6,0,24
2025-12-11,Thursday,Toys,242.26,5.4,0,12
2025-12-11,Thursday,Fashion,340.42,7.0,0,17
2025-12-11,Thursday,Toys,252.22,1.3,0,20
2025-12-11,Thursday,Electronics,1175.78,2.3,0,17
2025-12-11,Thursday,Home,596.02,5.5,0,11
2025-12-11,Thursday,Fashion,344.5,7.2,0,15
2025-12-11,Thursday,Beauty,190.38,1.8,0,20
2025-12-11,Thursday,Fashion,339.89,0.2,0,15
2025-12-11,Thursday,Electronics,1185.02,5.1,0,17
2025-12-11,Thursday,Toys,253.08,4.8,0,20
2025-12-11,Thursday,Electronics,1145.79,0.9,0,18
2025-12-11,Thursday,Beauty,197.61,4.4,0,15
2025-12-11,Thursday,Electronics,1176.13,5.3,0,18
2025-12-11,Thursday,Toys,244.25,4.8,0,24
2025-12-11,Thursday,Electronics,1201.39,4.9,0,25
2025-12-11,Thursday,Home,576.84,0.9,0,19
2025-12-11,Thursday,Home,619.89,7.8,0,21
2025-12-11,Thursday,Home,612.21,2.4,0,23
2025-12-11,Thursday,Fashion,356.59,3.8,0,19
2025-12-11,Thursday,Fashion,332.6,5.4,0,25
2025-12-12,Friday,Beauty,192.98,0.7,0,12
2025-12-12,Friday,Toys,239.38,5.8,0,23
2025-12-12,Friday,Beauty,209.77,2.4,0,13
2025-12-12,Friday,Beauty,191.0,6.5,0,24
2025-12-12,Friday,Home,618.1,2.5,0,11
2025-12-12,Friday,Electronics,1151.4,6.1,0,27
2025-12-12,Friday,Fashion,344.0,7.2,0,20
2025-12-12,Friday,Toys,244.21,5.9,0,14
2025-12-12,Friday,Electronics,1188.09,7.7,0,21
2025-12-12,Friday,Home,620.14,5.5,0,12
2025-12-12,Friday,Fashion,336.46,5.6,0,18
2025-12-12,Friday,Electronics,1257.79,6.8,0,26
2025-12-12,Friday,Beauty,206.05,5.4,0,24
2025-12-12,Friday,Fashion,353.9,6.2,0,10
2025-12-12,Friday,Fashion,349.41,3.9,0,11
2025-12-12,Friday,Beauty,198.81,0.5,0,17
2025-12-12,Friday,Toys,256.69,4.6,0,17
2025-12-12,Friday,Toys,243.1,7.6,0,22
2025-12-12,Friday,Toys,239.88,5.3,0,13
2025-12-12,Friday,Fashion,349.37,5.3,0,16
2025-12-12,Friday,Toys,259.8,4.9,0,15
2025-12-12,Friday,Electronics,1217.21,1.3,0,23
2025-12-12,Friday,Fashion,335.12,3.9,0,10
2025-12-12,Friday,Fashion,344.08,2.2,0,11
2025-12-12,Friday,Beauty,198.07,1.9,0,17
2025-12-13,Saturday,Beauty,206.03,3.6,0,21
2025-12-13,Saturday,Electronics,1257.68,6.0,0,13
2025-12-13,Saturday,Electronics,1152.32,3.3,0,17
2025-12-13,Saturday,Electronics,1235.01,7.7,0,17
2025-12-13,Saturday,Home,623.41,4.5,0,14
2025-12-13,Saturday,Home,591.8,0.4,0,13
2025-12-13,Saturday,Fashion,362.05,2.7,0,18
2025-12-13,Saturday,Home,612.95,0.9,0,11
2025-12-13,Saturday,Fashion,332.58,2.8,0,12
2025-12-13,Saturday,Toys,250.55,5.6,0,11
2025-12-13,Saturday,Electronics,1247.63,3.9,0,21
2025-12-13,Saturday,Beauty,192.14,4.9,0,10
2025-12-13,Saturday,Fashion,336.73,6.8,0,20
2025-12-13,Saturday,Fashion,357.59,0.9,0,27
2025-12-13,Saturday,Beauty,190.93,5.1,0,16
2025-12-13,Saturday,Beauty,199.15,4.7,0,15
2025-12-13,Saturday,Toys,240.87,4.0,0,16
2025-12-13,Saturday,Beauty,206.78,3.9,0,17
2025-12-13,Saturday,Toys,257.03,7.3,0,16
2025-12-13,Saturday,Fashion,336.12,5.3,0,15
2025-12-13,Saturday,Toys,259.57,4.0,0,7
2025-12-13,Saturday,Fashion,342.08,7.7,0,27
2025-12-14,Sunday,Beauty,206.1,1.1,0,9
2025-12-14,Sunday,Toys,244.97,5.6,0,11
2025-12-14,Sunday,Home,612.71,7.5,0,15
2025-12-14,Sunday,Toys,255.36,5.5,0,15
2025-12-14,Sunday,Fashion,366.85,5.2,0,23
2025-12-14,Sunday,Home,612.62,6.1,0,16
2025-12-14,Sunday,Toys,249.51,4.6,0,15
2025-12-14,Sunday,Toys,244.65,6.8,0,13
2025-12-14,Sunday,Electronics,1202.73,0.2,0,22
2025-12-14,Sunday,Fashion,341.84,6.3,0,23
2025-12-14,Sunday,Home,611.0,1.2,0,26
2025-12-14,Sunday,Fashion,358.88,0.3,0,21
2025-12-14,Sunday,Beauty,192.05,6.9,0,17
2025-12-14,Sunday,Toys,247.22,4.1,0,8
2025-12-14,Sunday,Home,611.58,0.4,0,14
2025-12-14,Sunday,Home,627.95,0.4,0,21
2025-12-14,Sunday,Home,582.19,7.0,0,21
2025-12-14,Sunday,Fashion,364.4,5.6,0,13
2025-12-14,Sunday,Home,615.31,4.4,0,11
2025-12-15,Monday,Home,596.93,7.9,1,12
2025-12-15,Monday,Electronics,1162.44,1.4,1,13
2025-12-15,Monday,Beauty,195.58,2.1,1,17
2025-12-15,Monday,Fashion,352.94,2.0,1,14
2025-12-15,Monday,Fashion,333.9,7.4,1,24
2025-12-15,Monday,Toys,238.77,7.5,1,12
2025-12-15,Monday,Beauty,205.8,4.4,1,13
2025-12-15,Monday,Electronics,1234.08,2.5,1,18
2025-12-15,Monday,Electronics,1234.35,1.3,1,21
2025-12-15,Monday,Toys,250.93,0.7,1,18
2025-12-15,Monday,Home,589.86,2.3,1,21
2025-12-15,Monday,Toys,250.76,8.0,1,24
2025-12-15,Monday,Electronics,1153.77,2.8,1,5
2025-12-15,Monday,Fashion,364.16,4.9,1,8
2025-12-15,Monday,Home,592.88,6.4,1,9
2025-12-15,Monday,Electronics,1186.31,4.3,1,15
2025-12-15,Monday,Home,600.86,4.1,1,28
2025-12-15,Monday,Beauty,190.88,7.2,1,20
2025-12-16,Tuesday,Fashion,366.51,6.2,1,23
2025-12-16,Tuesday,Toys,237.68,0.5,1,13
2025-12-16,Tuesday,Beauty,206.71,1.6,1,10
2025-12-16,Tuesday,Beauty,202.93,7.5,1,17
2025-12-16,Tuesday,Beauty,204.34,0.3,1,15
2025-12-16,Tuesday,Electronics,1146.51,6.4,1,11
2025-12-16,Tuesday,Fashion,364.38,3.3,1,15
2025-12-16,Tuesday,Beauty,202.6,3.5,1,25
2025-12-16,Tuesday,Toys,237.65,5.8,1,18
2025-12-16,Tuesday,Electronics,1230.72,4.7,1,17
2025-12-16,Tuesday,Toys,240.15,6.3,1,16
2025-12-16,Tuesday,Home,606.39,2.3,1,22
2025-12-16,Tuesday,Electronics,1196.88,4.3,1,15
2025-12-16,Tuesday,Fashion,358.64,6.4,1,20
2025-12-16,Tuesday,Fashion,342.93,7.1,1,14
2025-12-16,Tuesday,Home,627.44,0.1,1,19
2025-12-17,Wednesday,Electronics,1208.73,3.2,1,16
2025-12-17,Wednesday,Toys,261.17,2.4,1,17
2025-12-17,Wednesday,Home,582.7,7.2,1,7
2025-12-17,Wednesday,Toys,241.06,1.5,1,15
2025-12-17,Wednesday,Electronics,1161.76,6.4,1,15
2025-12-17,Wednesday,Electronics,1242.17,7.5,1,23
2025-12-17,Wednesday,Toys,239.33,5.4,1,17
2025-12-17,Wednesday,Home,575.89,5.8,1,13
2025-12-17,Wednesday,Fashion,356.0,1.9,1,18
2025-12-17,Wednesday,Home,607.17,7.2,1,15
2025-12-17,Wednesday,Toys,253.99,5.5,1,22
2025-12-17,Wednesday,Fashion,352.29,2.9,1,15
2025-12-17,Wednesday,Electronics,1177.59,6.3,1,22
2025-12-17,Wednesday,Beauty,195.53,2.9,1,16
2025-12-17,Wednesday,Beauty,199.26,2.9,1,13
2025-12-18,Thursday,Beauty,201.03,1.4,1,10
2025-12-18,Thursday,Fashion,363.7,1.6,1,12
2025-12-18,Thursday,Electronics,1227.29,7.1,1,22
2025-12-18,Thursday,Toys,251.97,6.2,1,12
2025-12-18,Thursday,Fashion,364.22,4.4,1,0
2025-12-18,Thursday,Beauty,203.08,1.2,1,13
2025-12-18,Thursday,Beauty,194.47,6.2,1,17
2025-12-18,Thursday,Beauty,200.02,0.7,1,13
2025-12-18,Thursday,Home,600.13,5.3,1,23
2025-12-18,Thursday,Toys,254.6,6.1,1,10
2025-12-18,Thursday,Fashion,348.12,1.4,1,24
2025-12-18,Thursday,Fashion,358.26,3.9,1,15
2025-12-18,Thursday,Home,572.43,6.1,1,18
2025-12-18,Thursday,Fashion,334.0,1.7,1,21
2025-12-18,Thursday,Home,593.29,7.3,1,19
2025-12-18,Thursday,Home,576.19,7.7,1,17
2025-12-18,Thursday,Home,620.09,2.1,1,15
2025-12-18,Thursday,Beauty,197.31,5.2,1,17
2025-12-18,Thursday,Electronics,1202.0,3.0,1,23
2025-12-19,Friday,Home,599.21,3.9,1,14
2025-12-19,Friday,Toys,237.66,7.1,1,14
2025-12-19,Friday,Toys,253.59,1.7,1,19
2025-12-19,Friday,Fashion,338.01,4.8,1,21
2025-12-19,Friday,Beauty,206.22,5.8,1,11
2025-12-19,Friday,Beauty,203.5,3.8,1,11
2025-12-19,Friday,Beauty,190.45,0.3,1,14
2025-12-19,Friday,Toys,252.31,1.1,1,7
2025-12-19,Friday,Fashion,334.46,2.1,1,17
2025-12-19,Friday,Fashion,350.58,3.2,1,24
2025-12-19,Friday,Home,626.84,1.7,1,16
2025-12-19,Friday,Toys,262.32,6.9,1,22
2025-12-19,Friday,Toys,241.07,4.7,1,26
2025-12-19,Friday,Fashion,354.31,4.1,1,21
2025-12-19,Friday,Beauty,201.93,0.6,1,24
2025-12-19,Friday,Beauty,197.71,0.9,1,20
2025-12-19,Friday,Toys,254.61,6.6,1,27
2025-12-19,Friday,Toys,239.91,3.8,1,16
2025-12-19,Friday,Toys,250.08,0.9,1,17
2025-12-19,Friday,Beauty,203.19,7.2,1,17
2025-12-20,Saturday,Beauty,146.1,29.3,1,44
2025-12-20,Saturday,Electronics,929.29,30.7,1,60
2025-12-20,Saturday,Beauty,137.53,40.1,1,38
2025-12-20,Saturday,Toys,156.11,23.3,1,34
2025-12-20,Saturday,Electronics,804.98,41.9,1,46
2025-12-20,Saturday,Beauty,132.89,20.1,1,44
2025-12-20,Saturday,Toys,157.36,20.2,1,43
2025-12-20,Saturday,Fashion,270.18,27.9,1,39
2025-12-20,Saturday,Toys,165.85,41.4,1,51
2025-12-20,Saturday,Beauty,148.23,35.3,1,60
2025-12-20,Saturday,Fashion,246.16,39.6,1,44
2025-12-20,Saturday,Beauty,128.94,34.0,1,0
2025-12-20,Saturday,Toys,171.52,37.6,1,49
2025-12-20,Saturday,Fashion,284.81,36.5,1,44
2025-12-20,Saturday,Fashion,218.77,32.7,1,28
2025-12-20,Saturday,Home,480.13,35.4,1,43
2025-12-20,Saturday,Beauty,168.23,20.1,1,40
2025-12-20,Saturday,Electronics,966.98,31.8,1,39
2025-12-20,Saturday,Home,393.27,22.0,1,41
2025-12-20,Saturday,Electronics,937.35,43.3,1,27
2025-12-20,Saturday,Home,466.74,34.9,1,57
2025-12-20,Saturday,Fashion,266.03,31.0,1,51
2025-12-20,Saturday,Toys,167.88,20.8,1,65
2025-12-20,Saturday,Toys,181.91,37.5,1,28
2025-12-20,Saturday,Home,395.89,20.0,1,30
2025-12-21,Sunday,Electronics,1019.05,39.5,1,35
2025-12-21,Sunday,Toys,162.52,20.4,1,56
2025-12-21,Sunday,Electronics,995.75,33.7,1,42
2025-12-21,Sunday,Toys,171.76,44.1,1,26
2025-12-21,Sunday,Home,393.94,44.1,1,30
2025-12-21,Sunday,Electronics,798.33,30.2,1,49
2025-12-21,Sunday,Electronics,887.59,32.6,1,40
2025-12-21,Sunday,Toys,209.79,41.9,1,51
2025-12-21,Sunday,Toys,165.63,31.1,1,32
2025-12-21,Sunday,Fashion,276.28,44.0,1,57
2025-12-21,Sunday,Beauty,154.08,42.4,1,56
2025-12-21,Sunday,Home,370.13,35.8,1,31
2025-12-21,Sunday,Fashion,269.23,25.7,1,29
2025-12-21,Sunday,Toys,183.48,37.5,1,79
2025-12-21,Sunday,Home,397.24,22.3,1,32
2025-12-21,Sunday,Electronics,886.37,24.5,1,20
2025-12-21,Sunday,Home,413.03,42.4,1,40
2025-12-22,Monday,Fashion,253.66,25.0,1,81
2025-12-22,Monday,Fashion,286.36,25.2,1,48
2025-12-22,Monday,Toys,172.25,39.5,1,55
2025-12-22,Monday,Electronics,996.06,36.9,1,34
2025-12-22,Monday,Toys,209.87,41.2,1,27
2025-12-22,Monday,Home,453.1,32.3,1,76
2025-12-22,Monday,Home,433.62,44.6,1,42
2025-12-22,Monday,Toys,167.52,25.6,1,40
2025-12-22,Monday,Beauty,143.92,33.5,1,42
2025-12-22,Monday,Toys,171.71,41.5,1,47
2025-12-22,Monday,Electronics,929.47,31.5,1,28
2025-12-22,Monday,Electronics,723.55,25.3,1,33
2025-12-22,Monday,Toys,203.87,24.7,1,38
2025-12-22,Monday,Home,395.57,31.8,1,34
2025-12-22,Monday,Beauty,141.2,30.5,1,35
2025-12-22,Monday,Home,414.76,30.0,1,26
2025-12-22,Monday,Toys,192.88,40.4,1,50
2025-12-22,Monday,Home,480.61,33.9,1,51
2025-12-22,Monday,Fashion,251.39,20.2,1,37
2025-12-22,Monday,Beauty,144.98,44.9,1,55
2025-12-22,Monday,Home,477.8,27.5,1,30
2025-12-22,Monday,Toys,203.66,21.2,1,52
2025-12-22,Monday,Fashion,281.21,31.9,1,50
2025-12-22,Monday,Electronics,854.96,28.4,1,32
2025-12-22,Monday,Home,411.62,30.3,1,59
2025-12-23,Tuesday,Toys,162.43,34.4,1,39
2025-12-23,Tuesday,Home,413.27,36.8,1,37
2025-12-23,Tuesday,Beauty,158.74,31.2,1,63
2025-12-23,Tuesday,Beauty,151.59,23.6,1,54
2025-12-23,Tuesday,Fashion,266.05,43.2,1,26
2025-12-23,Tuesday,Beauty,162.45,21.8,1,54
2025-12-23,Tuesday,Fashion,240.07,27.8,1,31
2025-12-23,Tuesday,Toys,190.29,26.8,1,25
2025-12-23,Tuesday,Beauty,159.05,43.5,1,44
2025-12-23,Tuesday,Beauty,140.7,24.6,1,26
2025-12-23,Tuesday,Electronics,757.51,25.9,1,44
2025-12-23,Tuesday,Electronics,783.17,29.9,1,69
2025-12-23,Tuesday,Electronics,739.14,42.0,1,41
2025-12-23,Tuesday,Beauty,146.2,44.9,1,43
2025-12-23,Tuesday,Electronics,798.74,23.9,1,27
2025-12-23,Tuesday,Home,394.4,38.4,1,19
2025-12-23,Tuesday,Beauty,151.32,23.3,1,46
2025-12-23,Tuesday,Home,489.06,28.1,1,41
2025-12-23,Tuesday,Beauty,143.36,41.8,1,62
2025-12-23,Tuesday,Fashion,294.83,37.4,1,37
2025-12-24,Wednesday,Toys,187.35,35.8,1,32
2025-12-24,Wednesday,Toys,189.99,33.3,1,30
2025-12-24,Wednesday,Home,432.25,25.7,1,55
2025-12-24,Wednesday,Beauty,132.99,27.6,1,51
2025-12-24,Wednesday,Electronics,876.99,39.0,1,53
2025-12-24,Wednesday,Toys,150.52,43.1,1,54
2025-12-24,Wednesday,Beauty,134.98,39.1,1,51
2025-12-24,Wednesday,Electronics,884.46,24.7,1,25
2025-12-24,Wednesday,Toys,177.32,26.2,1,40
2025-12-24,Wednesday,Beauty,131.03,22.0,1,23
2025-12-24,Wednesday,Fashion,255.2,40.0,1,27
2025-12-24,Wednesday,Home,402.7,38.6,1,29
2025-12-24,Wednesday,Home,421.94,41.3,1,50
2025-12-24,Wednesday,Beauty,150.89,26.8,1,56
2025-12-24,Wednesday,Toys,180.75,28.0,1,67
2025-12-24,Wednesday,Electronics,775.78,22.6,1,77
2025-12-24,Wednesday,Home,378.76,31.0,1,51
2025-12-25,Thursday,Beauty,130.86,30.5,1,45
2025-12-25,Thursday,Beauty,169.9,31.6,1,48
2025-12-25,Thursday,Fashion,214.9,39.4,1,32
2025-12-25,Thursday,Electronics,882.96,24.5,1,54
2025-12-25,Thursday,Beauty,161.41,23.0,1,38
2025-12-25,Thursday,Fashion,243.67,44.4,1,45
2025-12-25,Thursday,Fashion,250.32,39.3,1,93
2025-12-25,Thursday,Toys,191.63,25.2,1,15
2025-12-25,Thursday,Home,383.79,38.2,1,69
2025-12-25,Thursday,Toys,182.56,26.3,1,38
2025-12-25,Thursday,Electronics,979.1,25.4,1,37
2025-12-25,Thursday,Electronics,790.79,30.9,1,71
2025-12-25,Thursday,Toys,157.48,39.7,1,47
2025-12-25,Thursday,Electronics,1010.65,34.5,1,36
2025-12-25,Thursday,Fashion,242.5,22.2,1,23
2025-12-26,Friday,Beauty,124.57,35.5,1,91
2025-12-26,Friday,Electronics,737.93,36.1,1,23
2025-12-26,Friday,Toys,199.47,23.1,1,49
2025-12-26,Friday,Home,480.83,31.0,1,87
2025-12-26,Friday,Fashion,211.87,29.4,1,43
2025-12-26,Friday,Electronics,865.59,30.9,1,33
2025-12-26,Friday,Home,441.41,32.3,1,27
2025-12-26,Friday,Home,469.86,26.9,1,37
2025-12-26,Friday,Toys,207.15,33.9,1,52
2025-12-26,Friday,Home,482.91,33.5,1,48
2025-12-26,Friday,Beauty,120.04,36.0,1,38
2025-12-26,Friday,Electronics,905.92,29.1,1,51
2025-12-26,Friday,Toys,164.92,38.0,1,34
2025-12-26,Friday,Beauty,129.49,37.1,1,29
2025-12-26,Friday,Toys,159.63,27.1,1,33
2025-12-26,Friday,Electronics,876.96,21.7,1,52
2025-12-26,Friday,Fashion,225.63,20.8,1,52
2025-12-27,Saturday,Toys,190.11,29.7,1,51
2025-12-27,Saturday,Beauty,146.29,37.5,1,44
2025-12-27,Saturday,Toys,194.87,20.3,1,59
2025-12-27,Saturday,Fashion,267.38,43.2,1,53
2025-12-27,Saturday,Electronics,828.28,38.6,1,30
2025-12-27,Saturday,Beauty,161.1,39.9,1,64
2025-12-27,Saturday,Toys,152.54,21.8,1,52
2025-12-27,Saturday,Home,371.69,25.4,1,38
2025-12-27,Saturday,Fashion,256.52,24.7,1,44
2025-12-27,Saturday,Toys,191.05,34.3,1,63
2025-12-27,Saturday,Toys,175.95,22.6,1,38
2025-12-27,Saturday,Toys,172.37,31.5,1,29
2025-12-27,Saturday,Fashion,279.34,33.7,1,18
2025-12-27,Saturday,Toys,171.09,24.0,1,61
2025-12-27,Saturday,Home,495.37,33.8,1,44
2025-12-28,Sunday,Home,421.85,35.8,1,51
2025-12-28,Sunday,Fashion,259.28,25.3,1,33
2025-12-28,Sunday,Toys,207.88,26.4,1,60
2025-12-28,Sunday,Beauty,120.01,20.9,1,41
2025-12-28,Sunday,Home,449.36,32.9,1,57
2025-12-28,Sunday,Home,507.66,25.4,1,44
2025-12-28,Sunday,Home,363.26,40.5,1,40
2025-12-28,Sunday,Toys,181.95,34.3,1,33
2025-12-28,Sunday,Toys,159.67,20.9,1,39
2025-12-28,Sunday,Home,493.44,26.2,1,51
2025-12-28,Sunday,Home,481.66,22.3,1,17
2025-12-28,Sunday,Electronics,937.07,39.8,1,64
2025-12-28,Sunday,Fashion,252.72,42.5,1,36
2025-12-28,Sunday,Electronics,898.57,27.5,1,18
2025-12-28,Sunday,Toys,173.85,39.5,1,56
2025-12-28,Sunday,Beauty,140.83,41.7,1,38
2025-12-28,Sunday,Fashion,275.42,41.2,1,64
2025-12-28,Sunday,Beauty,122.71,33.1,1,35
2025-12-28,Sunday,Home,440.99,23.7,1,34
2025-12-28,Sunday,Electronics,922.09,44.9,1,44
2025-12-29,Monday,Toys,185.95,22.3,1,21
2025-12-29,Monday,Fashion,221.57,22.1,1,55
2025-12-29,Monday,Toys,196.58,33.7,1,43
2025-12-29,Monday,Beauty,158.69,23.3,1,60
2025-12-29,Monday,Fashion,252.08,25.0,1,29
2025-12-29,Monday,Toys,188.5,38.4,1,56
2025-12-29,Monday,Fashion,231.2,26.7,1,24
2025-12-29,Monday,Toys,155.6,36.8,1,54
2025-12-29,Monday,Beauty,138.26,24.8,1,32
2025-12-29,Monday,Home,385.39,28.7,1,63
2025-12-29,Monday,Beauty,151.16,31.0,1,54
2025-12-29,Monday,Home,383.4,38.2,1,39
2025-12-29,Monday,Electronics,753.71,21.4,1,77
2025-12-29,Monday,Home,362.06,37.3,1,34
2025-12-29,Monday,Electronics,811.54,31.8,1,32
2025-12-29,Monday,Fashion,227.83,33.1,1,66
2025-12-29,Monday,Home,442.32,35.6,1,68
2025-12-29,Monday,Electronics,832.98,42.7,1,43
2025-12-29,Monday,Toys,152.72,24.3,1,39
2025-12-29,Monday,Toys,166.96,31.6,1,70
2025-12-29,Monday,Electronics,739.98,36.5,1,27
2025-12-29,Monday,Home,489.64,20.5,1,16
2025-12-30,Tuesday,Beauty,131.56,29.5,1,51
2025-12-30,Tuesday,Home,432.7,34.9,1,43
2025-12-30,Tuesday,Electronics,775.93,32.5,1,11
2025-12-30,Tuesday,Electronics,731.93,43.1,1,53
2025-12-30,Tuesday,Home,410.04,29.8,1,52
2025-12-30,Tuesday,Home,413.31,27.6,1,56
2025-12-30,Tuesday,Toys,167.24,21.6,1,44
2025-12-30,Tuesday,Electronics,1003.24,43.7,1,59
2025-12-30,Tuesday,Fashion,223.27,42.4,1,41
2025-12-30,Tuesday,Beauty,146.04,36.9,1,39
2025-12-30,Tuesday,Fashion,246.52,34.3,1,33
2025-12-30,Tuesday,Toys,170.58,33.6,1,50
2025-12-30,Tuesday,Fashion,267.09,34.5,1,40
2025-12-30,Tuesday,Fashion,237.04,37.6,1,35
2025-12-30,Tuesday,Toys,206.85,30.8,1,66
2025-12-30,Tuesday,Toys,207.32,27.9,1,31
2025-12-30,Tuesday,Toys,183.31,38.0,1,56
2025-12-30,Tuesday,Fashion,273.62,39.1,1,71
2025-12-30,Tuesday,Beauty,168.06,27.6,1,44
2025-12-30,Tuesday,Home,382.79,24.7,1,17
2025-12-30,Tuesday,Fashion,226.17,39.1,1,35
2025-12-30,Tuesday,Toys,188.27,34.9,1,37
2025-12-30,Tuesday,Fashion,270.15,29.0,1,38
2025-12-30,Tuesday,Toys,202.88,31.7,1,29
2025-12-30,Tuesday,Home,387.6,29.7,1,36
2025-12-31,Wednesday,Electronics,842.58,44.2,1,46
2025-12-31,Wednesday,Home,502.53,25.6,1,40
2025-12-31,Wednesday,Fashion,215.79,43.2,1,36
2025-12-31,Wednesday,Beauty,163.36,32.2,1,37
2025-12-31,Wednesday,Fashion,247.41,39.4,1,59
2025-12-31,Wednesday,Toys,195.96,29.5,1,37
2025-12-31,Wednesday,Toys,187.11,33.1,1,64
2025-12-31,Wednesday,Electronics,876.19,31.3,1,47
2025-12-31,Wednesday,Fashion,255.39,29.9,1,41
2025-12-31,Wednesday,Electronics,887.31,32.9,1,41
2025-12-31,Wednesday,Home,425.93,42.1,1,41
2025-12-31,Wednesday,Home,429.2,30.6,1,41
2025-12-31,Wednesday,Toys,206.48,31.6,1,41
2025-12-31,Wednesday,Beauty,124.52,32.5,1,53
2025-12-31,Wednesday,Toys,158.46,30.3,1,62
2025-12-31,Wednesday,Beauty,121.25,31.3,1,70
2025-12-31,Wednesday,Beauty,124.51,28.1,1,25
2025-12-31,Wednesday,Fashion,272.86,23.1,1,57
2026-01-01,Thursday,Electronics,877.15,29.6,1,55
2026-01-01,Thursday,Toys,188.25,24.0,1,40
2026-01-01,Thursday,Fashion,289.82,34.1,1,43
2026-01-01,Thursday,Fashion,224.19,23.6,1,45
2026-01-01,Thursday,Home,406.43,39.2,1,40
2026-01-01,Thursday,Beauty,134.44,24.5,1,75
2026-01-01,Thursday,Electronics,906.77,26.3,1,22
2026-01-01,Thursday,Beauty,144.88,32.5,1,52
2026-01-01,Thursday,Beauty,131.89,34.7,1,25
2026-01-01,Thursday,Beauty,142.69,31.0,1,43
2026-01-01,Thursday,Toys,167.38,35.7,1,43
2026-01-01,Thursday,Fashion,214.28,23.7,1,42
2026-01-01,Thursday,Electronics,920.1,41.0,1,41
2026-01-01,Thursday,Home,409.67,22.2,1,82
2026-01-01,Thursday,Fashion,268.81,35.3,1,75
2026-01-01,Thursday,Toys,185.77,34.1,1,69
2026-01-01,Thursday,Home,499.72,22.3,1,39
2026-01-01,Thursday,Home,408.42,42.4,1,55
2026-01-01,Thursday,Toys,154.06,31.8,1,22
2026-01-01,Thursday,Electronics,928.39,26.9,1,26
2026-01-02,Friday,Toys,153.64,34.3,1,41
2026-01-02,Friday,Toys,211.7,32.1,1,31
2026-01-02,Friday,Home,424.06,41.2,1,12
2026-01-02,Friday,Home,438.81,44.9,1,40
2026-01-02,Friday,Toys,181.02,38.2,1,51
2026-01-02,Friday,Beauty,144.63,24.5,1,26
2026-01-02,Friday,Fashion,210.14,20.6,1,30
2026-01-02,Friday,Electronics,941.24,25.2,1,33
2026-01-02,Friday,Electronics,820.14,34.0,1,34
2026-01-02,Friday,Fashion,210.99,25.0,1,39
2026-01-02,Friday,Home,405.04,33.7,1,70
2026-01-02,Friday,Electronics,754.15,28.3,1,29
2026-01-02,Friday,Electronics,969.61,24.9,1,56
2026-01-02,Friday,Home,498.34,32.0,1,41
2026-01-02,Friday,Fashion,252.13,35.7,1,45
2026-01-02,Friday,Toys,206.0,31.6,1,58
2026-01-02,Friday,Electronics,970.53,27.5,1,13
2026-01-02,Friday,Home,443.28,20.5,1,33
2026-01-03,Saturday,Electronics,1010.88,27.0,1,38
2026-01-03,Saturday,Electronics,821.75,29.4,1,36
2026-01-03,Saturday,Toys,174.35,34.9,1,43
2026-01-03,Saturday,Home,465.79,27.9,1,60
2026-01-03,Saturday,Beauty,163.85,29.3,1,48
2026-01-03,Saturday,Home,392.42,27.6,1,65
2026-01-03,Saturday,Fashion,289.92,31.1,1,62
2026-01-03,Saturday,Electronics,959.71,42.6,1,52
2026-01-03,Saturday,Beauty,156.62,33.1,1,56
2026-01-03,Saturday,Home,381.49,41.8,1,60
2026-01-03,Saturday,Fashion,227.95,20.9,1,13
2026-01-03,Saturday,Beauty,155.68,33.1,1,79
2026-01-03,Saturday,Toys,204.49,28.3,1,45
2026-01-03,Saturday,Electronics,750.93,39.2,1,44
2026-01-03,Saturday,Home,455.83,25.2,1,41
2026-01-03,Saturday,Fashion,226.85,26.9,1,38
2026-01-03,Saturday,Electronics,801.8,23.9,1,59
2026-01-03,Saturday,Electronics,724.58,35.6,1,34
2026-01-03,Saturday,Home,442.4,26.8,1,44
2026-01-03,Saturday,Home,446.11,24.3,1,33
2026-01-04,Sunday,Beauty,122.54,20.7,1,74
2026-01-04,Sunday,Electronics,751.78,21.3,1,36
2026-01-04,Sunday,Toys,205.7,35.7,1,49
2026-01-04,Sunday,Beauty,150.82,27.8,1,54
2026-01-04,Sunday,Toys,154.91,43.1,1,23
2026-01-04,Sunday,Beauty,148.39,22.3,1,52
2026-01-04,Sunday,Electronics,856.68,37.1,1,23
2026-01-04,Sunday,Beauty,143.53,43.7,1,64
2026-01-04,Sunday,Home,496.93,29.8,1,70
2026-01-04,Sunday,Home,478.32,42.1,1,41
2026-01-04,Sunday,Beauty,125.64,32.0,1,46
2026-01-04,Sunday,Fashion,234.7,28.7,1,29
2026-01-04,Sunday,Beauty,160.88,39.9,1,36
2026-01-04,Sunday,Home,443.42,21.8,1,39
2026-01-04,Sunday,Toys,175.84,35.5,1,60
2026-01-04,Sunday,Toys,159.94,32.1,1,54
2026-01-04,Sunday,Toys,176.95,44.5,1,49
2026-01-04,Sunday,Toys,199.21,33.6,1,46
2026-01-04,Sunday,Electronics,941.81,37.8,1,67
2026-01-04,Sunday,Beauty,125.72,34.9,1,41
2026-01-04,Sunday,Beauty,128.81,43.9,1,51
2026-01-04,Sunday,Electronics,899.48,37.1,1,22
2026-01-04,Sunday,Home,434.14,36.5,1,29
2026-01-05,Monday,Fashion,281.49,42.2,1,62
2026-01-05,Monday,Electronics,947.12,36.5,1,32
2026-01-05,Monday,Beauty,146.56,29.7,1,36
2026-01-05,Monday,Home,404.96,39.9,1,40
2026-01-05,Monday,Home,497.78,43.4,1,38
2026-01-05,Monday,Electronics,894.82,35.3,1,12
2026-01-05,Monday,Toys,175.26,23.2,1,41
2026-01-05,Monday,Toys,210.49,20.0,1,58
2026-01-05,Monday,Toys,201.3,29.0,1,64
2026-01-05,Monday,Fashion,247.78,34.8,1,21
2026-01-05,Monday,Home,466.77,30.2,1,35
2026-01-05,Monday,Fashion,251.55,24.7,1,49
2026-01-05,Monday,Beauty,162.17,29.0,1,34
2026-01-05,Monday,Fashion,221.75,21.8,1,51
2026-01-05,Monday,Electronics,763.2,42.1,1,22
2026-01-05,Monday,Fashion,217.41,36.1,1,10
2026-01-06,Tuesday,Beauty,164.68,37.4,1,63
2026-01-06,Tuesday,Beauty,145.47,33.8,1,36
2026-01-06,Tuesday,Beauty,139.24,25.6,1,43
2026-01-06,Tuesday,Beauty,162.34,25.9,1,45
2026-01-06,Tuesday,Toys,166.83,43.2,1,41
2026-01-06,Tuesday,Electronics,890.44,37.6,1,43
2026-01-06,Tuesday,Electronics,894.08,44.0,1,66
2026-01-06,Tuesday,Toys,211.47,44.6,1,56
2026-01-06,Tuesday,Home,429.74,22.0,1,49
2026-01-06,Tuesday,Beauty,151.53,36.6,1,40
2026-01-06,Tuesday,Electronics,925.22,33.5,1,26
2026-01-06,Tuesday,Home,440.25,20.3,1,35
2026-01-06,Tuesday,Beauty,145.63,31.7,1,43
2026-01-06,Tuesday,Home,403.38,20.9,1,29
2026-01-06,Tuesday,Toys,196.84,38.2,1,40
2026-01-06,Tuesday,Beauty,148.91,34.3,1,42
2026-01-06,Tuesday,Home,481.33,35.6,1,43
2026-01-06,Tuesday,Toys,154.8,39.6,1,51
2026-01-06,Tuesday,Home,379.88,27.0,1,46
2026-01-06,Tuesday,Electronics,901.15,42.8,1,43
2026-01-06,Tuesday,Fashion,267.68,29.2,1,56
2026-01-07,Wednesday,Beauty,129.04,33.2,1,68
2026-01-07,Wednesday,Electronics,822.85,22.1,1,66
2026-01-07,Wednesday,Fashion,283.29,38.8,1,72
2026-01-07,Wednesday,Beauty,158.52,25.9,1,25
2026-01-07,Wednesday,Fashion,260.55,41.0,1,52
2026-01-07,Wednesday,Electronics,912.68,38.9,1,51
2026-01-07,Wednesday,Beauty,143.81,31.9,1,51
2026-01-07,Wednesday,Toys,164.6,37.1,1,35
2026-01-07,Wednesday,Toys,204.39,20.3,1,52
2026-01-07,Wednesday,Beauty,139.1,27.9,1,8
2026-01-07,Wednesday,Electronics,995.31,35.9,1,37
2026-01-07,Wednesday,Beauty,150.52,36.3,1,43
2026-01-07,Wednesday,Electronics,796.6,34.6,1,56
2026-01-07,Wednesday,Beauty,158.66,38.7,1,43
2026-01-07,Wednesday,Fashion,255.5,36.9,1,25
2026-01-07,Wednesday,Fashion,237.41,20.3,1,50
2026-01-07,Wednesday,Beauty,124.88,22.6,1,45
2026-01-07,Wednesday,Beauty,137.58,38.1,1,44
2026-01-08,Thursday,Electronics,737.06,34.9,1,48
2026-01-08,Thursday,Fashion,293.17,36.0,1,43
2026-01-08,Thursday,Toys,158.12,36.4,1,37
2026-01-08,Thursday,Toys,200.2,24.6,1,52
2026-01-08,Thursday,Home,430.04,43.4,1,51
2026-01-08,Thursday,Beauty,166.13,26.9,1,15
2026-01-08,Thursday,Home,398.6,39.5,1,59
2026-01-08,Thursday,Home,476.57,29.6,1,42
2026-01-08,Thursday,Home,386.69,21.7,1,49
2026-01-08,Thursday,Fashion,263.4,24.5,1,36
2026-01-08,Thursday,Beauty,130.92,36.1,1,45
2026-01-08,Thursday,Beauty,155.77,22.6,1,62
2026-01-08,Thursday,Home,476.59,20.5,1,53
2026-01-08,Thursday,Beauty,127.44,36.0,1,65
2026-01-08,Thursday,Home,382.74,28.2,1,35
2026-01-08,Thursday,Beauty,148.73,32.9,1,61
2026-01-08,Thursday,Beauty,140.2,38.2,1,38
2026-01-08,Thursday,Electronics,882.04,20.1,1,71
2026-01-08,Thursday,Beauty,126.06,33.4,1,37
2026-01-08,Thursday,Home,410.02,27.6,1,93
2026-01-08,Thursday,Electronics,829.61,41.3,1,62
2026-01-08,Thursday,Home,372.07,31.5,1,47
2026-01-08,Thursday,Fashion,258.52,44.2,1,23
2026-01-08,Thursday,Fashion,236.15,29.8,1,62
2026-01-09,Friday,Electronics,985.56,30.9,1,59
2026-01-09,Friday,Fashion,222.25,24.8,1,41
2026-01-09,Friday,Beauty,139.44,39.8,1,25
2026-01-09,Friday,Home,434.95,44.1,1,59
2026-01-09,Friday,Electronics,731.11,21.4,1,8
2026-01-09,Friday,Electronics,841.65,25.3,1,34
2026-01-09,Friday,Toys,159.31,34.5,1,29
2026-01-09,Friday,Electronics,731.06,23.5,1,35
2026-01-09,Friday,Toys,152.86,37.5,1,31
2026-01-09,Friday,Fashion,211.26,35.8,1,67
2026-01-09,Friday,Electronics,856.86,24.3,1,29
2026-01-09,Friday,Toys,154.0,40.4,1,60
2026-01-09,Friday,Toys,163.79,40.1,1,58
2026-01-09,Friday,Beauty,136.87,40.9,1,43
2026-01-09,Friday,Electronics,1012.76,34.4,1,29
2026-01-09,Friday,Fashion,238.14,44.1,1,46
2026-01-09,Friday,Fashion,239.36,23.0,1,49
2026-01-09,Friday,Fashion,276.29,24.2,1,38
2026-01-09,Friday,Fashion,291.0,21.0,1,51
2026-01-09,Friday,Electronics,957.32,35.8,1,38
2026-01-09,Friday,Beauty,124.04,20.2,1,51
2026-01-09,Friday,Electronics,932.02,34.8,1,40
